{
    "name": "root",
    "gauges": {
        "SpaceScalvager.Policy.Entropy.mean": {
            "value": 3.478032112121582,
            "min": 3.2423155307769775,
            "max": 5.8023681640625,
            "count": 270
        },
        "SpaceScalvager.Policy.Entropy.sum": {
            "value": 34780.3203125,
            "min": 32423.154296875,
            "max": 58023.68359375,
            "count": 270
        },
        "SpaceScalvager.Step.mean": {
            "value": 2699984.0,
            "min": 9984.0,
            "max": 2699984.0,
            "count": 270
        },
        "SpaceScalvager.Step.sum": {
            "value": 2699984.0,
            "min": 9984.0,
            "max": 2699984.0,
            "count": 270
        },
        "SpaceScalvager.Policy.ExtrinsicValueEstimate.mean": {
            "value": -0.0005620507872663438,
            "min": -24.94463348388672,
            "max": 0.882036030292511,
            "count": 270
        },
        "SpaceScalvager.Policy.ExtrinsicValueEstimate.sum": {
            "value": -0.08992812782526016,
            "min": -3966.19677734375,
            "max": 141.12576293945312,
            "count": 270
        },
        "SpaceScalvager.Policy.CuriosityValueEstimate.mean": {
            "value": 0.007598143070936203,
            "min": -30.376707077026367,
            "max": 6.855724334716797,
            "count": 270
        },
        "SpaceScalvager.Policy.CuriosityValueEstimate.sum": {
            "value": 1.2157028913497925,
            "min": -4829.896484375,
            "max": 1096.9158935546875,
            "count": 270
        },
        "SpaceScalvager.Environment.EpisodeLength.mean": {
            "value": 1999.0,
            "min": 1999.0,
            "max": 1999.0,
            "count": 270
        },
        "SpaceScalvager.Environment.EpisodeLength.sum": {
            "value": 9995.0,
            "min": 9995.0,
            "max": 9995.0,
            "count": 270
        },
        "SpaceScalvager.Environment.CumulativeReward.mean": {
            "value": 0.04000000059604645,
            "min": -0.9599999994039535,
            "max": 1.0000000029802323,
            "count": 270
        },
        "SpaceScalvager.Environment.CumulativeReward.sum": {
            "value": 0.20000000298023224,
            "min": -4.799999997019768,
            "max": 5.000000014901161,
            "count": 270
        },
        "SpaceScalvager.Policy.ExtrinsicReward.mean": {
            "value": 0.04000000059604645,
            "min": -0.9599999994039535,
            "max": 1.0000000029802323,
            "count": 270
        },
        "SpaceScalvager.Policy.ExtrinsicReward.sum": {
            "value": 0.20000000298023224,
            "min": -4.799999997019768,
            "max": 5.000000014901161,
            "count": 270
        },
        "SpaceScalvager.Policy.CuriosityReward.mean": {
            "value": 1.6142258144915105,
            "min": 0.0,
            "max": 410.25285205841067,
            "count": 270
        },
        "SpaceScalvager.Policy.CuriosityReward.sum": {
            "value": 8.071129072457552,
            "min": 0.0,
            "max": 2051.264260292053,
            "count": 270
        },
        "SpaceScalvager.IsTraining.mean": {
            "value": 1.0,
            "min": 1.0,
            "max": 1.0,
            "count": 270
        },
        "SpaceScalvager.IsTraining.sum": {
            "value": 1.0,
            "min": 1.0,
            "max": 1.0,
            "count": 270
        },
        "SpaceScalvager.Losses.PolicyLoss.mean": {
            "value": 0.058145385523601316,
            "min": 0.03101302840775297,
            "max": 0.07664479920690338,
            "count": 268
        },
        "SpaceScalvager.Losses.PolicyLoss.sum": {
            "value": 0.058145385523601316,
            "min": 0.03101302840775297,
            "max": 0.07664479920690338,
            "count": 268
        },
        "SpaceScalvager.Losses.ValueLoss.mean": {
            "value": 0.00020063808626459792,
            "min": 8.38993586761266e-06,
            "max": 26.56686769795214,
            "count": 268
        },
        "SpaceScalvager.Losses.ValueLoss.sum": {
            "value": 0.00020063808626459792,
            "min": 8.38993586761266e-06,
            "max": 26.56686769795214,
            "count": 268
        },
        "SpaceScalvager.Policy.LearningRate.mean": {
            "value": 0.00013819397393536004,
            "min": 0.00013819397393536004,
            "max": 0.00029939616020128003,
            "count": 268
        },
        "SpaceScalvager.Policy.LearningRate.sum": {
            "value": 0.00013819397393536004,
            "min": 0.00013819397393536004,
            "max": 0.00029939616020128003,
            "count": 268
        },
        "SpaceScalvager.Policy.Epsilon.mean": {
            "value": 0.14606464000000002,
            "min": 0.14606464000000002,
            "max": 0.19979872000000004,
            "count": 268
        },
        "SpaceScalvager.Policy.Epsilon.sum": {
            "value": 0.14606464000000002,
            "min": 0.14606464000000002,
            "max": 0.19979872000000004,
            "count": 268
        },
        "SpaceScalvager.Policy.Beta.mean": {
            "value": 0.0005000000000000002,
            "min": 0.0005000000000000002,
            "max": 0.0005000000000000002,
            "count": 268
        },
        "SpaceScalvager.Policy.Beta.sum": {
            "value": 0.0005000000000000002,
            "min": 0.0005000000000000002,
            "max": 0.0005000000000000002,
            "count": 268
        },
        "SpaceScalvager.Losses.CuriosityForwardLoss.mean": {
            "value": 0.052907229703652046,
            "min": 0.02352904248584667,
            "max": 1762.415200062287,
            "count": 268
        },
        "SpaceScalvager.Losses.CuriosityForwardLoss.sum": {
            "value": 0.052907229703652046,
            "min": 0.02352904248584667,
            "max": 1762.415200062287,
            "count": 268
        },
        "SpaceScalvager.Losses.CuriosityInverseLoss.mean": {
            "value": 1.5657908738168895,
            "min": 1.558801484413636,
            "max": 7.71521029716883,
            "count": 268
        },
        "SpaceScalvager.Losses.CuriosityInverseLoss.sum": {
            "value": 1.5657908738168895,
            "min": 1.558801484413636,
            "max": 7.71521029716883,
            "count": 268
        }
    },
    "metadata": {
        "timer_format_version": "0.1.0",
        "start_time_seconds": "1661726918",
        "python_version": "3.8.8 (default, Apr 13 2021, 15:08:03) [MSC v.1916 64 bit (AMD64)]",
        "command_line_arguments": "C:\\Users\\mihai\\anaconda3\\Scripts\\mlagents-learn .\\SpaceScalvager.yaml --run-id=curiosity2",
        "mlagents_version": "0.28.0",
        "mlagents_envs_version": "0.28.0",
        "communication_protocol_version": "1.5.0",
        "pytorch_version": "1.9.1",
        "numpy_version": "1.20.1",
        "end_time_seconds": "1661764842"
    },
    "total": 37924.2521298,
    "count": 1,
    "self": 0.01386629999615252,
    "children": {
        "run_training.setup": {
            "total": 0.35500149999999975,
            "count": 1,
            "self": 0.35500149999999975
        },
        "TrainerController.start_learning": {
            "total": 37923.883262,
            "count": 1,
            "self": 60.916634702443844,
            "children": {
                "TrainerController._reset_env": {
                    "total": 43.768796099999996,
                    "count": 1,
                    "self": 43.768796099999996
                },
                "TrainerController.advance": {
                    "total": 37818.49473209756,
                    "count": 2706434,
                    "self": 57.62778448975587,